[
  {
    "name": "1-Pack",
    "domain": "https://www.1-pack.us/"
  },
  {
    "name": "2 Dudes Moving",
    "domain": "https://www.2dudesmovingky.com/"
  },
  {
    "name": "21st Century Labels & Packaging",
    "domain": "https://www.21stcenturylabels.com/"
  },
  {
    "name": "2nd Chance Pallets (2CP)",
    "domain": "https://www.2cpllc.com/"
  },
  {
    "name": "3C! Packaging",
    "domain": "https://www.3cpackaging.com/"
  },
  {
    "name": "3D Barrier Bags Inc",
    "domain": "https://www.3dbarrierbags.com/"
  },
  {
    "name": "3G Packaging Inc.",
    "domain": "https://www.3gpkg.com/"
  },
  {
    "name": "A American Container Leasing, Inc.",
    "domain": "https://www.a-american.com/"
  },
  {
    "name": "A Net Order",
    "domain": "https://www.anetorder.us/"
  },
  {
    "name": "A New Earth Project",
    "domain": "https://www.anewearthproject.com/"
  },
  {
    "name": "A To Z Packaging Inc",
    "domain": "https://www.atozpack.com/"
  },
  {
    "name": "A&A Global Imports",
    "domain": "https://www.aaglobalimports.com/"
  },
  {
    "name": "A&H WORLDWIDE",
    "domain": "https://www.aandhworldwide.com/"
  },
  {
    "name": "A&M PALLET, P.L.L.",
    "domain": "https://aandmpallet.wixsite.com/"
  },
  {
    "name": "A&M Tape & Packaging",
    "domain": "https://www.mrboxonline.com/"
  },
  {
    "name": "A-1 Creative Packaging",
    "domain": "https://www.a1creativepackaging.com/"
  },
  {
    "name": "A-PLAN Packaging, LLC",
    "domain": "https://www.a-planpackaging.com/"
  },
  {
    "name": "A-ROO Company",
    "domain": "https://www.a-roo.com/"
  },
  {
    "name": "A-Z Packaging",
    "domain": "https://www.a-zpackaging.com/"
  },
  {
    "name": "A1 Fiberglass",
    "domain": "https://www.a1fiberglass.com/"
  },
  {
    "name": "AA POLY BAG COMPANY",
    "domain": "https://www.southwestpolybag.com/"
  },
  {
    "name": "AAA Box Company",
    "domain": "https://www.aaa-box.com/"
  },
  {
    "name": "ABA Packaging Corporation",
    "domain": "https://www.abapackaging.com/"
  },
  {
    "name": "ABC Crating & Rigging Co",
    "domain": "https://www.abccrating.com/"
  },
  {
    "name": "ABC Insert Co.",
    "domain": "https://www.abcinsert.com/"
  },
  {
    "name": "ABC Packaging Direct",
    "domain": "https://www.standuppouches.net/"
  },
  {
    "name": "ABCOR Packaging, LLC",
    "domain": "https://www.abcorpackaging.com/"
  },
  {
    "name": "ABOX Packaging Company",
    "domain": "https://www.aboxdigital.com/"
  },
  {
    "name": "ABS Packaging",
    "domain": "https://www.abspackaging.com/"
  },
  {
    "name": "ABX",
    "domain": "https://www.abxpackaging.com/"
  },
  {
    "name": "ACCREDO PACKAGING",
    "domain": "https://www.accredopackaging.com/"
  },
  {
    "name": "ACW - Advanced Converting Works",
    "domain": "https://www.advancedconvertingworks.com/"
  },
  {
    "name": "ADE, Inc.",
    "domain": "https://www.ade-usa.com/"
  },
  {
    "name": "ADM Corporation",
    "domain": "https://www.admcorporation.com/"
  },
  {
    "name": "ADR Packaging",
    "domain": "https://www.adrpackaging.com/"
  },
  {
    "name": "AE Global",
    "domain": "https://www.aegpkg.com/"
  },
  {
    "name": "AEP Industries",
    "domain": "https://www.aepinc.com/"
  },
  {
    "name": "AFAB Packaging",
    "domain": "https://www.afabpackaging.com/"
  },
  {
    "name": "AFFORDABLE SELF STORAGE INC",
    "domain": "https://www.affordableselfstorageinc.com/"
  },
  {
    "name": "AFM (American Film & Machinery)",
    "domain": "https://www.afmsleeves.com/"
  },
  {
    "name": "AHA Packaging",
    "domain": "https://www.ahapackaging.com/"
  },
  {
    "name": "AICC, The Independent Packaging Association",
    "domain": "https://www.aiccbox.org/"
  },
  {
    "name": "ALCAN PACKAGING",
    "domain": "https://www.lcan.com/"
  },
  {
    "name": "ALLIED BOX AND EXCELSIOR, CO., INC",
    "domain": "https://www.alliedbox.com/"
  },
  {
    "name": "ALLIEDFLEX TECHNOLOGIES, INC.",
    "domain": "https://www.alliedflex.com/"
  },
  {
    "name": "ALMA Laboratories, Inc.",
    "domain": "https://www.almalaboratories.com/"
  },
  {
    "name": "ALNI Ltd.",
    "domain": "https://www.alniltd.com/"
  },
  {
    "name": "ALPINE Packaging, Inc.",
    "domain": "https://www.alpinepackaging.com/"
  },
  {
    "name": "ALTA Beverage / ALTAVision",
    "domain": "https://www.altabev.com/"
  },
  {
    "name": "ALeco Container LLC",
    "domain": "https://www.evolutionbottles.com/"
  },
  {
    "name": "AM Foam Products",
    "domain": "https://www.amfoam.com/"
  },
  {
    "name": "AMAC Technologies",
    "domain": "https://www.amactechnologies.com/"
  },
  {
    "name": "AMC North America",
    "domain": "https://www.amcna.com/"
  },
  {
    "name": "AMERIPEN",
    "domain": "https://www.ameripen.org/"
  },
  {
    "name": "AMERISCEND",
    "domain": "https://www.hptpharma.com/"
  },
  {
    "name": "AMMCO",
    "domain": "https://www.ilovegreengorilla.com/"
  },
  {
    "name": "AMPD Accessory Group",
    "domain": "https://www.myampd.com/"
  },
  {
    "name": "AOA Products, LLC.",
    "domain": "https://www.aoaproductsllc.com/"
  },
  {
    "name": "AP Packaging Corp",
    "domain": "https://www.appackaging.com/"
  },
  {
    "name": "APAC 1 Inc",
    "domain": "https://www.apacone.com/"
  },
  {
    "name": "APAC PAPER",
    "domain": "https://www.apacpaper.com/"
  },
  {
    "name": "APAK Packaging Group, Inc.",
    "domain": "https://www.apakpackaging.com/"
  },
  {
    "name": "APC Packaging",
    "domain": "https://www.apcpackaging.com/"
  },
  {
    "name": "APEX 360 ° Packaging Studio",
    "domain": "https://www.apex360.com/"
  },
  {
    "name": "APEX Barcoding Systems",
    "domain": "https://www.apexbarcoding.com/"
  },
  {
    "name": "APR Packaging, Inc.",
    "domain": "https://www.aprpackaging.com/"
  },
  {
    "name": "APackaging Group",
    "domain": "https://www.apackaginggroup.com/"
  },
  {
    "name": "AQL Decorating Co",
    "domain": "https://www.aqldecorating.com/"
  },
  {
    "name": "AQUA EZ INC",
    "domain": "https://www.aquaezpackaging.com/"
  },
  {
    "name": "ARI Packaging, A Menasha Packaging Company",
    "domain": "https://www.ari-packaging.com/"
  },
  {
    "name": "ARNQUIST PACKAGING CORPORATION",
    "domain": "https://www.arnquistpackaging.com/"
  },
  {
    "name": "ARVCO CONTAINER CORPORATION",
    "domain": "https://www.technicorr.com/"
  },
  {
    "name": "ARtech Lubricant Packaging",
    "domain": "https://www.artechpackaging.com/"
  },
  {
    "name": "ASA Industries",
    "domain": "https://www.hazmatstorage.com/"
  },
  {
    "name": "ASV Wines Inc",
    "domain": "https://www.asvwines.com/"
  },
  {
    "name": "ATCO Packaging Supplies",
    "domain": "https://www.atcopacinc.com/"
  },
  {
    "name": "ATLANTIS PAPER AND PACKAGING",
    "domain": "https://www.atlantispackaging.com/"
  },
  {
    "name": "ATS Cases, Inc",
    "domain": "https://www.atscases.com/"
  },
  {
    "name": "ATS World Packaging",
    "domain": "https://www.atsworldpackaging.com/"
  },
  {
    "name": "AURORA CASKET CO",
    "domain": "https://www.auroracasket.com/"
  },
  {
    "name": "AVC Corporation",
    "domain": "https://www.avccorp.com/"
  },
  {
    "name": "AXIS Corrugated Container",
    "domain": "https://www.accbox.com/"
  },
  {
    "name": "Aaron Packaging Inc",
    "domain": "https://www.aaronpackaging.com/"
  },
  {
    "name": "Aaron Thomas Company, Inc.",
    "domain": "https://www.packaging.com/"
  },
  {
    "name": "Abaca Packaging",
    "domain": "https://www.abacapackaging.com/"
  },
  {
    "name": "Abbey Packaging",
    "domain": "https://www.abbeypackaging.com/"
  },
  {
    "name": "Abbott-Action Packaging",
    "domain": "https://www.abbottaction.com/"
  },
  {
    "name": "Access Creative Group",
    "domain": "https://www.accesscreativegroup.com/"
  },
  {
    "name": "Accord Carton",
    "domain": "https://www.accordcarton.com/"
  },
  {
    "name": "Accraply",
    "domain": "https://www.accraply.com/"
  },
  {
    "name": "Accredo Packaging, Inc.",
    "domain": "https://www.accredopackaging.com/"
  },
  {
    "name": "Accu-Chart Plus Healthcare Systems, Inc.",
    "domain": "https://www.accuchart.com/"
  },
  {
    "name": "Accu-tec Inc",
    "domain": "https://www.accu-tec.com/"
  },
  {
    "name": "AccuFlex Packaging",
    "domain": "https://www.accuflexpackaging.com/"
  },
  {
    "name": "Accurate Box Company",
    "domain": "https://www.accuratebox.com/"
  },
  {
    "name": "Accuspec Packaging Corporation",
    "domain": "https://www.accuspecpackaging.com/"
  },
  {
    "name": "Accutech Packaging",
    "domain": "https://www.accutechpkg.com/"
  },
  {
    "name": "Ace Packaging Solutions",
    "domain": "https://www.acepackagingsolutions.com/"
  },
  {
    "name": "Acme Corrugated Box Co., Inc.",
    "domain": "https://www.acmebox.com/"
  },
  {
    "name": "Acme Packaging",
    "domain": "https://www.signodeacme.com/"
  },
  {
    "name": "Acorn",
    "domain": "https://www.acorn-paper.com/"
  },
  {
    "name": "Acorn-East",
    "domain": "https://www.acorn-east.com/"
  },
  {
    "name": "Action Bag Company",
    "domain": "https://www.actionbag.com/"
  },
  {
    "name": "Action Box Company, Inc.",
    "domain": "https://www.actionboxinc.com/"
  },
  {
    "name": "Action Corrugated / Specialty Converting",
    "domain": "https://www.actioncorrugated.com/"
  },
  {
    "name": "Action Health",
    "domain": "https://www.actionhealth.com/"
  },
  {
    "name": "Action Packaging",
    "domain": "https://www.actionpackaging.com/"
  },
  {
    "name": "Action Wood 360",
    "domain": "https://www.actionwood360.com/"
  },
  {
    "name": "ActionPak Inc",
    "domain": "https://www.actionpakinc.com/"
  },
  {
    "name": "Acucote, part Fedrigoni Self-Adhesives",
    "domain": "https://www.acucote.com/"
  },
  {
    "name": "Acuity Packaging & Logistics Solutions, LLC",
    "domain": "https://www.acuitypls.com/"
  },
  {
    "name": "Acupac Packaging, Inc.",
    "domain": "https://www.acupac.com/"
  },
  {
    "name": "Ad Industries, LLC",
    "domain": "https://www.adind.com/"
  },
  {
    "name": "Ad Packaging",
    "domain": "https://www.colorad.ca/"
  },
  {
    "name": "Adapt-a-pak, Inc.",
    "domain": "https://www.adaptapak.com/"
  },
  {
    "name": "Adart Poly Bag",
    "domain": "https://www.adartpolybag.com/"
  },
  {
    "name": "Adeneli Packaging",
    "domain": "https://www.adenelipackaging.com/"
  },
  {
    "name": "Adept Group (Adept Packaging)",
    "domain": "https://www.adeptpackaging.com/"
  },
  {
    "name": "Adhecintas",
    "domain": "https://www.adhecintas.com/"
  },
  {
    "name": "Adhesive & Packaging Systems Inc",
    "domain": "https://www.apswest.com/"
  },
  {
    "name": "Adhesive Label Company",
    "domain": "https://www.adhesivelabelinc.com/"
  },
  {
    "name": "Adhesive Packaging Specialties, Inc.",
    "domain": "https://www.adhesivepackaging.com/"
  },
  {
    "name": "Admiral Packaging, Inc..",
    "domain": "https://www.admiralpkg.com/"
  },
  {
    "name": "Advance Packaging Corporation",
    "domain": "https://www.advancepkg.com/"
  },
  {
    "name": "Advance Packaging Technologies",
    "domain": "https://www.advancepac.com/"
  },
  {
    "name": "Advance Paper Box Co / Packaging Spectrum",
    "domain": "https://www.advancepaperbox.com/"
  },
  {
    "name": "Advance Paper Systems",
    "domain": "https://www.apspackaging.com/"
  },
  {
    "name": "Advanced Innovative Bottling",
    "domain": "https://www.aibottling.com/"
  },
  {
    "name": "Advanced Manufacturing Technology",
    "domain": "https://www.amtcolorado.com/"
  },
  {
    "name": "Advanced Packaging Solutions",
    "domain": "https://www.aps-machinery.com/"
  },
  {
    "name": "Advanced Packaging Solutions & Products, Inc.",
    "domain": "https://www.advancedpckg.com/"
  },
  {
    "name": "Advanced Packaging Solutions, LLC",
    "domain": "https://www.apsol.us/"
  },
  {
    "name": "Advanced Packaging Systems",
    "domain": "https://www.advancedpackagingsystems.com/"
  },
  {
    "name": "Advanced Packaging Technology Laboratories",
    "domain": "https://www.advanced-labs.com/"
  },
  {
    "name": "Advanced Packaging, Inc.",
    "domain": "https://www.advpack.com/"
  },
  {
    "name": "Advantage Label & Packaging, Inc.",
    "domain": "https://www.advantagelabel.com/"
  },
  {
    "name": "Advantage Packaging",
    "domain": "https://www.advantagepkg.com/"
  },
  {
    "name": "Advantage Packaging, Inc",
    "domain": "https://www.advantagepackaging.com/"
  },
  {
    "name": "Aero Box LLC",
    "domain": "https://"
  },
  {
    "name": "Aerofil Technology Inc.",
    "domain": "https://www.aerofil.com/"
  },
  {
    "name": "Ag-Pak",
    "domain": "https://www.agpak.com/"
  },
  {
    "name": "Aggressive Packaging Inc",
    "domain": "https://www.aggressivepkg.com/"
  },
  {
    "name": "Agri Mondo Inc",
    "domain": "https://www.agri-mondo.com/"
  },
  {
    "name": "Aim Solutions, Inc.",
    "domain": "https://www.aimsolutionsinc.net/"
  },
  {
    "name": "Air Conveying Corp.",
    "domain": "https://www.airconveyingcorp.com/"
  },
  {
    "name": "AirWave Packaging Inc",
    "domain": "https://www.airwave-packaging.com/"
  },
  {
    "name": "Airguard",
    "domain": "https://www.airguardpackaging.com/"
  },
  {
    "name": "Akers Packaging Service Group",
    "domain": "https://www.akers-pkg.com/"
  },
  {
    "name": "Akers Packaging Solutions (Akers Packaging Service Group)",
    "domain": "https://www.akers-pkg.com/"
  },
  {
    "name": "Akron Crate and Pallet",
    "domain": "https://www.akroncrateandpallet.com/"
  },
  {
    "name": "AkzoNobel Packaging Coatings",
    "domain": "https://packagingcoatings.akzonobel.com/"
  },
  {
    "name": "Aladdin Packaging LLC",
    "domain": "https://www.aladdinpackaging.com/"
  },
  {
    "name": "Albany Box Co",
    "domain": "https://www.abcbox.net/"
  },
  {
    "name": "Albright Packaging Inc",
    "domain": "https://www.albrightpackaging.com/"
  },
  {
    "name": "Albuquerque Packaging Corp",
    "domain": "https://www.dallascontainer.com/"
  },
  {
    "name": "Alcor Manufacturing Inc",
    "domain": "https://www.alcorinc.com/"
  },
  {
    "name": "Alef Custom Packaging",
    "domain": "https://www.alefcustom.com/"
  },
  {
    "name": "Alipack International LLC",
    "domain": "https://www.alipack.us/"
  },
  {
    "name": "All About Packaging",
    "domain": "https://www.aapack.com/"
  },
  {
    "name": "All American Container Corp",
    "domain": "https://www.allamericancontainer.com/"
  },
  {
    "name": "All American Container Corporation",
    "domain": "https://www.allamericancontainer.com/"
  },
  {
    "name": "All American Containers of Southern California",
    "domain": "https://www.allamericancontainers.net/"
  },
  {
    "name": "All American Poly",
    "domain": "https://www.allamericanpoly.com/"
  },
  {
    "name": "All Boxed Up",
    "domain": "https://www.allboxedup.com/"
  },
  {
    "name": "All Packaging Company",
    "domain": "https://www.allpack.com/"
  },
  {
    "name": "All Packaging Company, Inc.",
    "domain": "https://www.allpackco.com/"
  },
  {
    "name": "All Packaging Machinery",
    "domain": "https://www.allpackagingmachinery.com/"
  },
  {
    "name": "All Packaging Services",
    "domain": "https://www.allpackagingservices.com/"
  },
  {
    "name": "All Pallet Recycling LLC",
    "domain": "https://www.allpalletrecycling.com/"
  },
  {
    "name": "All Source Packaging",
    "domain": "https://www.allsourcepackaging.com/"
  },
  {
    "name": "All Star Corrugated",
    "domain": "https://www.allstarbox.com/"
  },
  {
    "name": "All State Packaging",
    "domain": "https://www.allstatepkg.com/"
  },
  {
    "name": "All-Pak Manufacturing Corp.",
    "domain": "https://www.allpakmfg.com/"
  },
  {
    "name": "AllBoxes Direct",
    "domain": "https://www.allboxesny.com/"
  },
  {
    "name": "AllTransPack, Inc.",
    "domain": "https://www.alltranspack.com/"
  },
  {
    "name": "Allcan West",
    "domain": "https://www.allstatecan.com/"
  },
  {
    "name": "Allegro Sanitation Corp",
    "domain": "https://www.allegrosanitation.com/"
  },
  {
    "name": "Alleguard",
    "domain": "https://www.alleguard.com/"
  },
  {
    "name": "Allen Elva Packaging",
    "domain": "https://www.allenelva.com/"
  },
  {
    "name": "Allen Packaging Co",
    "domain": "https://www.allenpkg.com/"
  },
  {
    "name": "Alliance Corrugated and Display LLC",
    "domain": "https://www.alliancecorr.com/"
  },
  {
    "name": "Alliance Packaging Group",
    "domain": "https://www.alliancepkggroup.com/"
  },
  {
    "name": "Alliance Packaging Group, Inc.",
    "domain": "https://www.alliance-packaging.com/"
  },
  {
    "name": "Alliance Packaging LLC",
    "domain": "https://www.alliancepackaging.net/"
  },
  {
    "name": "Allied Packaging Corporation",
    "domain": "https://www.alliedonline.com/"
  },
  {
    "name": "Alloyd Co., Inc.",
    "domain": "https://www.alloyd.com/"
  },
  {
    "name": "Allpak Container",
    "domain": "https://www.allpak.com/"
  },
  {
    "name": "Allstate Can Corporation",
    "domain": "https://www.allstatecan.com/"
  },
  {
    "name": "Allstate Paper Box",
    "domain": "https://www.allstatepaperbox.com/"
  },
  {
    "name": "Allstate Polyethylene Corp",
    "domain": "https://www.allstatepoly.com/"
  },
  {
    "name": "Allyfint",
    "domain": "https://www.allyfint.com/"
  },
  {
    "name": "Alpak Container",
    "domain": "https://www.alpak.net/"
  },
  {
    "name": "Alpha Packaging",
    "domain": "https://www.alphap.com/"
  },
  {
    "name": "Alpha Packaging, Inc.",
    "domain": "https://www.alphapackaging.com/"
  },
  {
    "name": "Alrite Packaging Inc",
    "domain": "https://www.alritepackaging.com/"
  },
  {
    "name": "Alsco American Linen",
    "domain": "https://www.alsco.com/"
  },
  {
    "name": "Alstelle",
    "domain": "https://www.alstelle.com/"
  },
  {
    "name": "Alta Max LLC",
    "domain": "https://www.altamax.net/"
  },
  {
    "name": "Alta Packaging, Inc.",
    "domain": "https://www.altapackaging.co/"
  },
  {
    "name": "Altech Packaging Co Inc",
    "domain": "https://www.altechpackaging.com/"
  },
  {
    "name": "Alternative Packaging Solutions",
    "domain": "https://www.theapscompany.com/"
  },
  {
    "name": "Altex Packaging Inc",
    "domain": "https://www.altexpackaging.com/"
  },
  {
    "name": "Aluminati Inc.",
    "domain": "https://www.aluminatiinc.com/"
  },
  {
    "name": "Amatech Inc.",
    "domain": "https://www.amatechinc.com/"
  },
  {
    "name": "Amazing Packaging Supplies",
    "domain": "https://www.amazingpackaging.com/"
  },
  {
    "name": "Amber International",
    "domain": "https://www.ambertube.com/"
  },
  {
    "name": "Amen Packaging Inc",
    "domain": "https://www.amenpackaging.com/"
  },
  {
    "name": "AmeriCorr Packaging Inc.",
    "domain": "https://www.americorr.com/"
  },
  {
    "name": "AmeriGlobe LLC",
    "domain": "https://www.ameriglobe-fibc.com/"
  },
  {
    "name": "AmeriSource Companies",
    "domain": "https://www.myamerisource.com/"
  },
  {
    "name": "American Aluminum Extrusions of Ohio, LLC",
    "domain": "https://www.aaeo.com/"
  },
  {
    "name": "American Alupack Industries, LLC",
    "domain": "https://www.americanalupack.com/"
  }
]